official_name,short_name,platform_official_name,release_date,series_universe
Action Fighter,Action Fighter,Sega Master System,1986-08-17,Action Fighter
Aerial Assault,Aerial Assault,Sega Master System,1990-12-01,Aerial Assault
After Burner,After Burner,Sega Master System,1987-12-12,After Burner
Alex Kidd in Miracle World,Alex Kidd,Sega Master System,1987-09-01,Alex Kidd
Alex Kidd In Shinobi World,Alex Kidd In Shinobi World,Sega Master System,1990-08-01,Alex Kidd
Alex Kidd: High-Tech World,Alex Kidd: High-Tech World,Sega Master System,1989-07-01,Alex Kidd
Altered Beast,Altered Beast,Sega Master System,1989-01-01,Altered Beast
Assault City,Assault City,Sega Master System,1990-01-01,Assault City
Assault City (Light Phaser Version),Assault City,Sega Master System,1990-01-01,Assault City
Asterix and the Secret Mission,Asterix,Sega Master System,1993-01-01,Asterix
Astro Warrior/Pit Pot,Astro Warrior/Pit Pot,Sega Master System,1986-01-01,Astro Warrior/Pit Pot
Ayrton Senna's Super Monaco GP II,Ayrton Senna,Sega Master System,1992-01-01,Ayrton Senna
Aztec Adventure,Aztec Adventure,Sega Master System,1988-09-01,Aztec Adventure
Bad Apple,Bad Apple,Sega Master System,2017-03-27,Bad Apple
Bank Panic,Bank Panic,Sega Master System,1987-01-01,Bank Panic
Batman Returns,Batman,Sega Master System,1994-08-19,Batman Returns
Black Belt,Black Belt,Sega Master System,1986-01-01,Black Belt
Bomber Raid,Bomber Raid,Sega Master System,1989-02-01,Bomber Raid
Castle of Illusion Starring Mickey Mouse,Castle of Illusion,Sega Master System,1991-02-01,Castle of Illusion
Champions of Europe,Champions of Europe,Sega Master System,1992-06-01,Champions of Europe
Choplifter,Choplifter,Sega Master System,1987-08-01,Choplifter
Columns,Columns,Sega Master System,1990-01-01,Columns
Cool Spot,Cool Spot,Sega Master System,1993-11-01,Cool Spot
Crash Dummies,Crash Dummies,Sega Master System,1993-01-01,Crash Dummies
Cross Snake,Cross Snake,Sega Master System,2021-05-13,Cross Snake
Cyborg Hunter,Cyborg Hunter,Sega Master System,1988-01-01,Cyborg Hunter
Daffy Duck in Hollywood,Daffy Duck,Sega Master System,1994-02-01,Daffy Duck
Das Dschungelbuch,Das Dschungelbuch,Sega Master System,1993-01-01,Das Dschungelbuch
Deep Duck Trouble Starring Donald Duck,Donald Duck,Sega Master System,1994-01-01,Donald Duck
Der König der Löwen,Der König der Löwen,Sega Master System,1994-11-04,Der König der Löwen
Desert Speedtrap starring Road Runner and Wile E. Coyote,Desert Speedtrap,Sega Master System,1994-05-16,Desert Speedtrap
Dick Tracy,Dick Tracy,Sega Master System,1990-01-01,Dick Tracy
Disney's Aladdin,Aladdin,Sega Master System,1994-12-31,Disney
Disney's Le Livre de la Jungle,Le Livre de la Jungle,Sega Master System,1993-01-01,Disney
Disney's Le Roi Lion,Le Roi Lion,Sega Master System,1994-01-01,Disney
Double Dragon,Double Dragon,Sega Master System,1988-01-01,Double Dragon
Dragon: The Bruce Lee Story,The Bruce Lee Story,Sega Master System,1994-01-01,Dragon
Dynamite Duke,Dynamite Duke,Sega Master System,1989-01-01,Dynamite Duke
E-SWAT,E-SWAT,Sega Master System,1989-01-01,E-SWAT
Enduro Racer,Enduro Racer,Sega Master System,1987-08-01,Enduro Racer
F-16 Fighter,F-16 Fighter,Sega Master System,1985-01-01,F-16 Fighter
Fantasy Zone,Fantasy Zone,Sega Master System,1987-08-01,Fantasy Zone
G-LOC: Air Battle,G-LOC,Sega Master System,1991-01-01,G-LOC
Galaxy Force,Galaxy Force,Sega Master System,1989-01-01,Galaxy Force
Ghost House,Ghost House,Sega Master System,1987-08-01,Ghost House
Ghostbusters,Ghostbusters,Sega Master System,1987-01-01,Ghostbusters
Ghouls'n Ghosts,Ghouls'n Ghosts,Sega Master System,1991-04-01,Ghouls'n Ghosts
Global Defense,Global Defense,Sega Master System,1988-04-01,Global Defense
Golden Axe,Golden Axe,Sega Master System,1990-01-01,Golden Axe
Great Baseball,Great Baseball,Sega Master System,1987-01-01,Great Baseball
Great Basketball,Great Basketball,Sega Master System,1987-06-01,Great Basketball
Great Football,Great Football,Sega Master System,1987-07-01,Great Football
Great Golf,Great Golf,Sega Master System,1987-01-01,Great Golf
Great Ice Hockey,Great Ice Hockey,Sega Master System,1987-01-01,Great Ice Hockey
Great Soccer,Great Soccer,Sega Master System,1986-01-01,Great Soccer
Great Volleyball,Great Volleyball,Sega Master System,1987-01-01,Great Volleyball
Hang On,Hang On,Sega Master System,1986-01-01,Hang On
Heroes of the Lance,Heroes of the Lance,Sega Master System,1991-01-01,Heroes of the Lance
Impossible Mission,Impossible Mission,Sega Master System,1988-12-31,Impossible Mission
Indiana Jones and the Last Crusade: The Action Game,Indiana Jones and the Last Crusade,Sega Master System,1990-11-29,Indiana Jones
James Pond 2: Codename RoboCod,James Pond 2,Sega Master System,1993-01-01,James Pond
Joe Montana Football,Joe Montana Football,Sega Master System,1990-01-01,Joe Montana Football
Kung Fu Kid,Kung Fu Kid,Sega Master System,1988-01-01,Kung Fu Kid
Land of Illusion Starring Mickey Mouse,Land of Illusion Starring Mickey Mouse,Sega Master System,1992-09-25,Mickey Mouse
Laser Ghost,Laser Ghost,Sega Master System,1991-12-01,Laser Ghost
Lemmings,Lemmings,Sega Master System,1992-11-20,Lemmings
Les Schtroumpfs,Les Schtroumpfs,Sega Master System,1994-01-01,Les Schtroumpfs
Les Schtroumpfs: Autour du Monde,Les Schtroumpfs 2,Sega Master System,1996-01-01,Les Schtroumpfs
Machine Gun Joe,Machine Gun Joe,Sega Master System,1986-04-21,Machine Gun Joe
Marksman Shooting / Trap Shooting / Safari Hunt,Marksman Shooting / Trap Shooting / Safari Hunt,Sega Master System,1986-01-01,Marksman
Master of Darkness,Master of Darkness,Sega Master System,1992-12-01,Master of Darkness
Michael Jackson's Moonwalker,Michael Jackson,Sega Master System,1990-01-01,Michael Jackson
My Hero,My Hero,Sega Master System,1986-01-01,My Hero
Olympic Gold: Barcelona '92 [Jeu A Tirage Limitée],Olympic Gold,Sega Master System,1992-01-01,Olympics
Out Run,Out Run,Sega Master System,1987-10-01,Out Run
OutRun Europa,OutRun Europa,Sega Master System,1991-01-01,OutRun Europa
Paperboy,Paperboy,Sega Master System,1990-01-01,Paperboy
Parlour Games,Parlour Games,Sega Master System,1990-11-01,Parlour Games
Power Strike II,Power Strike II,Sega Master System,1993-09-01,Power Strike II
Pro Wrestling,Pro Wrestling,Sega Master System,1986-12-01,Pro Wrestling
Psycho Fox,Psycho Fox,Sega Master System,1990-05-01,Psycho Fox
R.C. Grand Prix,R.C. Grand Prix,Sega Master System,1989-01-01,R.C. Grand Prix
Rainbow Islands: Story of the Bubble Bobble 2,Rainbow Islands: Story of the Bubble Bobble 2,Sega Master System,1993-01-01,Rainbow Islands: Story of the Bubble Bobble 2
Rampage,Rampage,Sega Master System,1998-01-01,Rampage
Road Rash,Road Rash,Sega Master System,1994-03-01,Road Rash
Shadow Dancer: The Secret of Shinobi,Shadow Dancer,Sega Master System,1991-01-01,Shadow Dancer
Shanghai,Shanghai,Sega Master System,1988-10-01,Shanghai
Shinobi,Shinobi,Sega Master System,1988-09-01,Shinobi
Sonic Chaos,Sonic Chaos,Sega Master System,1993-10-25,Sonic Chaos
Sonic the Hedgehog,Sonic,Sega Master System,1991-12-28,Sonic the Hedgehog
Sonic the Hedgehog 2,Sonic 2,Sega Master System,1992-10-16,Sonic the Hedgehog
Speedball (Image Works),Speedball,Sega Master System,1991-03-01,Speedball
Spider - Man,Spider - Man,Sega Master System,1991-08-01,Spider - Man
Spy vs. Spy,Spy vs. Spy,Sega Master System,1988-10-01,Spy vs. Spy
Star Wars,Star Wars,Sega Master System,1994-01-01,Star Wars
Streets of Rage,Streets of Rage,Sega Master System,1993-06-07,Streets of Rage
Streets of Rage II,Streets of Rage II,Sega Master System,1993-12-01,Streets of Rage
Super Kick Off,Super Kick Off,Sega Master System,1991-12-01,Super Kick Off
Super Monaco GP,Super Monaco GP,Sega Master System,1990-09-01,Super Monaco GP
Super Tennis,Super Tennis,Sega Master System,1986-06-01,Super Tennis
Teddy Boy,Teddy Boy,Sega Master System,1985-10-20,Teddy Boy
The Flash,The Flash,Sega Master System,1993-10-01,The Flash
The Incredible Hulk,The Incredible Hulk,Sega Master System,1994-01-01,The Incredible Hulk
The Lucky Dime Caper Starring Donald Duck,Donald Duck,Sega Master System,1991-12-20,Donald Duck
The Ninja,The Ninja,Sega Master System,1986-12-01,The Ninja
The Ottifants,The Ottifants,Sega Master System,1993-01-01,The Ottifants
Transbot,Transbot,Sega Master System,1986-10-01,Transbot
Ultima IV: Quest of the Avatar,Ultima IV,Sega Master System,1990-01-01,Ultima
Voyage - a Sorceress Vacation,Voyage,Sega Master System,2021-02-22,Voyage - a Sorceress Vacation
Wimbledon,Wimbledon,Sega Master System,1992-07-16,Wimbledon
Winter Olympics Lillehammer '94 [Série Limitée],Winter Olympics,Sega Master System,1994-01-01,Olympics
Wonder Boy in Monster Land,Wonder Boy in Monster Land,Sega Master System,1988-08-01,Wonder Boy
Wonder Boy in Monster World,Wonder Boy in Monster World,Sega Master System,1993-08-01,Wonder Boy
World Class Leader Board,World Class Leader Board,Sega Master System,1991-01-01,World Class Leader Board
World Cup USA 94 [Série Limitée],World Cup USA 94 [Série Limitée],Sega Master System,1993-01-01,World Cup
World Grand Prix,World Grand Prix,Sega Master System,1987-11-01,World Grand Prix
World Soccer,World Soccer,Sega Master System,1987-10-01,World Soccer
World Soccer (Edizione Speciale),World Soccer,Sega Master System,1990-01-01,World Soccer
Xenon 2: Megablast,Xenon 2,Sega Master System,1991-10-01,Xenon
XSpelunker,XSpelunker,Sega Master System,2017-05-05,XSpelunker
76 in 1 (bootleg),76 in 1 (bootleg),Nintendo Entertainment System,1996-01-19,76 in 1 (bootleg)
Adventure of Link,Adventure of Link,Nintendo Entertainment System,1988-12-01,The Legend of Zelda
Balloon Fight,Balloon Fight,Nintendo Entertainment System,1986-12-15,Balloon Fight
Battletoads,Battletoads,Nintendo Entertainment System,1993-02-18,Battletoads
Clu Clu Land,Clu Clu Land,Nintendo Entertainment System,1987-02-15,Clu Clu Land
D'veel'ng,D'veel'ng,Nintendo Entertainment System,2015-05-05,D'veel'ng
Devil World,Devil World,Nintendo Entertainment System,1987-07-15,Devil World
DIE SCHLUMPFE,DIE SCHLUMPFE,Nintendo Entertainment System,1994-01-01,DIE SCHLUMPFE
Donkey Kong,Donkey Kong,Nintendo Entertainment System,1986-10-15,Donkey Kong
Donkey Kong 3,Donkey Kong 3,Nintendo Entertainment System,1987-09-01,Donkey Kong
Donkey Kong acarde classic the original,Donkey Kong acarde classic the original,Nintendo Entertainment System,1981-11-01,Donkey Kong
Donkey Kong Jr.,Donkey Kong Jr.,Nintendo Entertainment System,1987-06-15,Donkey Kong.
Duck Hunt,Duck Hunt,Nintendo Entertainment System,1987-08-15,Duck Hunt
Excitebike,Excitebike,Nintendo Entertainment System,1986-09-01,Excitebike
Formula 1 Sensation,Formula 1,Nintendo Entertainment System,1993-01-29,Formula 1
Golf,Golf,Nintendo Entertainment System,1986-11-15,Golf
Gumshoe,Gumshoe,Nintendo Entertainment System,1988-05-15,Gumshoe
Hogan's Alley,Hogan's Alley,Nintendo Entertainment System,1987-12-15,Hogan's Alley
Home Alone II,Home Alone II,Nintendo Entertainment System,1992-10-23,Home Alone II
Ice Climber,Ice Climber,Nintendo Entertainment System,1987-09-01,Ice Climber
Kid Icarus,Kid Icarus,Nintendo Entertainment System,1988-02-15,Kid Icarus
Konami Hyper Soccer,Konami Hyper Soccer,Nintendo Entertainment System,1992-01-01,Konami
Kung Fu,Kung Fu,Nintendo Entertainment System,1987-04-15,Kung Fu
Little Samson,Little Samson,Nintendo Entertainment System,1993-03-18,Little Samson
Mach Rider,Mach Rider,Nintendo Entertainment System,1987-03-15,Mach Rider
Mario Bros.,Mario Bros,Nintendo Entertainment System,1986-09-01,Super Mario
McDonald's Land,McDonald's Land,Nintendo Entertainment System,1993-05-19,McDonald's Land
Mega Man,Mega Man,Nintendo Entertainment System,1989-12-13,Mega Man
Mega Man 2,Mega Man 2,Nintendo Entertainment System,1990-12-14,Mega Man
Mega Man 3,Mega Man 3,Nintendo Entertainment System,1992-06-23,Mega Man
Mega Man 4,Mega Man 4,Nintendo Entertainment System,1993-01-21,Mega Man
Mega Man 5,Mega Man 5,Nintendo Entertainment System,1993-03-10,Mega Man
Metroid,Metroid,Nintendo Entertainment System,1988-01-15,Metroid
Mike Tyson's Punch-Out!!,Mike Tyson's Punch-Out!!,Nintendo Entertainment System,1987-12-15,Punch-Out!!
Mojon Twins Gran Sabiduría – 31 in 1 Real Game! Vol 2,Mojon Twins Gran Sabiduría – 31 in 1 Real Game! Vol 2,Nintendo Entertainment System,2019-05-05,Mojon Twins Gran Sabiduría
Olympic IQ,Olympic IQ,Nintendo Entertainment System,1991-01-01,Olympic IQ
Paaman Part 2 Himitsu Kessha Madoodan o Taose!,Paaman Part 2,Nintendo Entertainment System,1991-12-14,Paaman
Panda World,Panda World,Nintendo Entertainment System,2000-01-01,Panda World
Pinball,Pinball,Nintendo Entertainment System,1986-09-01,Pinball
Popeye,Popeye,Nintendo Entertainment System,1986-09-01,Popeye
Pro Wrestling,Pro Wrestling,Nintendo Entertainment System,1987-09-15,Pro Wrestling
Probotector,Probotector,Nintendo Entertainment System,1990-12-28,Probotector
Probotector II: Return of the Evil Forces,Probotector II,Nintendo Entertainment System,1992-02-12,Probotector
Reknum - Souls Adventure,Reknum - Souls Adventure,Nintendo Entertainment System,2021-04-30,Reknum
Reknum - The Awakening,Reknum - The Awakening,Nintendo Entertainment System,2019-04-19,Reknum
Road Fighter,Road Fighter,Nintendo Entertainment System,1985-07-11,Road Fighter
RoboCop,RoboCop,Nintendo Entertainment System,1989-08-25,RoboCop
RollerGames,RollerGames,Nintendo Entertainment System,1991-10-24,RollerGames
Silent Service,Silent Service,Nintendo Entertainment System,1989-12-01,Silent Service
Slalom,Slalom,Nintendo Entertainment System,1987-10-15,Slalom
Soccer,Soccer,Nintendo Entertainment System,1987-01-15,Soccer
Super Mario Bros,Super Mario,Nintendo Entertainment System,1987-05-15,Super Mario
Super Mario Bros 2,Super Mario 2,Nintendo Entertainment System,1989-04-28,Super Mario
Super Mario Bros 3,Super Mario 3,Nintendo Entertainment System,1991-08-29,Super Mario
Super Mario Bros.,Super Mario Bros.,Nintendo Entertainment System,1987-05-15,Super Mario
Teenage Mutant Ninja Turtles,TMNT,Nintendo Entertainment System,1989-06-25,Teenage Mutant Ninja Turtles
Tennis,Tennis,Nintendo Entertainment System,1986-09-01,Tennis
The Adventures of Dr. Franken,Dr. Franken,Nintendo Entertainment System,1992-12-01,Dr. Franken
The Legend of Zelda,The Legend of Zelda,Nintendo Entertainment System,1987-08-22,The Legend of Zelda
The Lion King,The Lion King,Nintendo Entertainment System,1995-05-25,The Lion King
Time Diver: Avenger,Time Diver,Nintendo Entertainment System,1994-01-01,Time Diver
Urban Champion,Urban Champion,Nintendo Entertainment System,1986-08-01,Urban Champion
Virus,Virus,Nintendo Entertainment System,1990-01-01,Virus
Volleyball,Volleyball,Nintendo Entertainment System,1987-11-15,Volleyball
Wild Gunman,Wild Gunman,Nintendo Entertainment System,1988-02-15,Wild Gunman
Wrecking Crew,Wrecking Crew,Nintendo Entertainment System,1985-10-18,Wrecking Crew
90 Minutes: European Prime Goal,90 Minutes,Super Nintendo Entertainment System,1995-08-04,90 Minutes
Alien 3,Alien 3,Super Nintendo Entertainment System,1993-01-01,Alien
Arcade's Greatest Hits Atari Collection 1,Atari Collection 1,Super Nintendo Entertainment System,1997-08-30,Atari Collection
Arkanoid: Doh It Again,Arkanoid,Super Nintendo Entertainment System,1997-01-01,Arkanoid
Asterix,Asterix,Super Nintendo Entertainment System,1993-01-01,Asterix
Asterix & Obelix,Asterix & Obelix,Super Nintendo Entertainment System,1995-09-28,Asterix
Battle Clash,Battle Clash,Super Nintendo Entertainment System,1992-10-01,Battle Clash
Battletoads & Double Dragon,Battletoads & Double Dragon,Super Nintendo Entertainment System,1993-12-01,Battletoads & Double Dragon
Bishoujo Senshi Sailor Moon,Bishoujo Senshi Sailor Moon,Super Nintendo Entertainment System,1993-08-27,Bishoujo Senshi Sailor Moon
Bubsy in: Claws Encounters of the Furred Kind,Bubsy,Super Nintendo Entertainment System,1993-05-01,Bubsy
Bugs Bunny Rabbit Rampage,Bugs Bunny,Super Nintendo Entertainment System,1994-02-15,Bugs Bunny
Castlevania Vampire's Kiss,Castlevania,Super Nintendo Entertainment System,1996-02-22,Castlevania
Champions World Class Soccer,World Class Soccer,Super Nintendo Entertainment System,1994-11-04,Champions World Class Soccer
Choplifter III,Choplifter III,Super Nintendo Entertainment System,1994-01-01,Choplifter
Cliffhanger,Cliffhanger,Super Nintendo Entertainment System,1993-12-10,Cliffhanger
Clock Tower,Clock Tower,Super Nintendo Entertainment System,1995-07-14,Clock Tower
Dennis,Dennis,Super Nintendo Entertainment System,1993-12-01,Dennis
Desert Strike: Return to the Gulf,Desert Strike,Super Nintendo Entertainment System,1992-10-01,Desert Strike
Disney's Aladdin,Aladdin,Super Nintendo Entertainment System,1993-11-21,Disneyladdin
Disney's Goof Troop,Goof Troop,Super Nintendo Entertainment System,1993-11-25,Disney
Disney's The Jungle Book,The Jungle Book,Super Nintendo Entertainment System,1994-07-15,Disney
Disney's Toy Story,Toy Story,Super Nintendo Entertainment System,1996-06-01,Disney
Donald in Maui Mallard,Donald,Super Nintendo Entertainment System,1996-11-28,Donald
Donkey Kong Country,Donkey Kong Country,Super Nintendo Entertainment System,1994-11-21,Donkey Kong
Dragon's Lair,Dragon's Lair,Super Nintendo Entertainment System,1993-01-01,Dragon's Lair
Equinox,Equinox,Super Nintendo Entertainment System,1994-03-11,Equinox
Exhaust Heat,Exhaust Heat,Super Nintendo Entertainment System,1992-02-21,Exhaust Heat
F-Zero,F-Zero,Super Nintendo Entertainment System,1992-06-04,F-Zero
FIFA 97,FIFA 97,Super Nintendo Entertainment System,1996-09-06,FIFA
FIFA International Soccer,FIFA International Soccer,Super Nintendo Entertainment System,1994-05-01,FIFA International Soccer
FIFA Soccer 96,FIFA 96,Super Nintendo Entertainment System,1995-06-01,FIFA
FIFA: Road to World Cup 98,World Cup 98,Super Nintendo Entertainment System,1997-01-01,FIFA
GP-1,GP-1,Super Nintendo Entertainment System,1993-10-29,GP-1
Illusion of Time,Illusion of Time,Super Nintendo Entertainment System,1993-11-27,Illusion of Time
International Superstar Soccer,ISS,Super Nintendo Entertainment System,1995-06-01,International Superstar Soccer
International Tennis Tour,International Tennis Tour,Super Nintendo Entertainment System,1993-11-01,International Tennis Tour
Jungle Strike: The Sequel To Desert Strike,Jungle Strike,Super Nintendo Entertainment System,1993-01-01,Jungle Strike
Kick Off,Kick Off,Super Nintendo Entertainment System,1992-12-25,Kick Off
Killer Instinct,Killer Instinct,Super Nintendo Entertainment System,1995-08-30,Killer Instinct
Kirby's Dream Course,Kirby's Dream Course,Super Nintendo Entertainment System,1995-02-28,Kirby
Krusty's Super Fun House,Krusty's Super Fun House,Super Nintendo Entertainment System,1992-06-01,Krusty's Super Fun House
Le Roi Lion,Le Roi Lion,Super Nintendo Entertainment System,1994-12-08,Le Roi Lion
Legend,Legend,Super Nintendo Entertainment System,1994-12-21,Legend
Les Schtroumpfs Autour du Monde,Les Schtroumpfs Autour du Monde,Super Nintendo Entertainment System,1996-10-01,Les Schtroumpfs Autour du Monde
Looney Tunes: Road Runner,Looney Tunes,Super Nintendo Entertainment System,1993-09-30,Looney Tunes
Lothar Matthaus Super Soccer,Lothar Matthaus Super Soccer,Super Nintendo Entertainment System,1995-01-01,Lothar Matthaus Super Soccer
Lucky Luke,Lucky Luke,Super Nintendo Entertainment System,1997-10-27,Lucky Luke
Lufia,Lufia,Super Nintendo Entertainment System,1996-08-31,Lufia
Magic Boy,Magic Boy,Super Nintendo Entertainment System,1996-01-08,Magic Boy
Mario Paint,Mario Paint,Super Nintendo Entertainment System,1992-12-10,Super Mario
Mickey Mania,Mickey Mania,Super Nintendo Entertainment System,1994-10-28,Mickey
Micro Machines,Micro Machines,Super Nintendo Entertainment System,1994-12-01,Micro Machines
Micro Machines 2: Turbo Tournament,Micro Machines 2,Super Nintendo Entertainment System,1996-02-22,Micro Machines
Mortal Kombat,Mortal Kombat,Super Nintendo Entertainment System,1993-09-13,Mortal Kombat
Mortal Kombat II,Mortal Kombat II,Super Nintendo Entertainment System,1994-09-09,Mortal Kombat
Mr. Nutz,Mr. Nutz,Super Nintendo Entertainment System,1994-08-01,Mr. Nutz
Mystic Quest Legend,Mystic Quest,Super Nintendo Entertainment System,1994-04-01,Mystic Quest
NBA Jam,NBA Jam,Super Nintendo Entertainment System,1994-04-01,NBA Jam
NCAA Basketball,NCAA Basketball,Super Nintendo Entertainment System,1993-07-22,NCAA Basketball
Nigel Mansell's World Championship Racing,Nigel Mansell's World Championship Racing,Super Nintendo Entertainment System,1993-12-16,Nigel Mansell's World Championship Racing
Nintendo Scope 6,Nintendo Scope,Super Nintendo Entertainment System,1992-02-01,Nintendo Scope
Out to Lunch,Out to Lunch,Super Nintendo Entertainment System,1993-11-01,Out to Lunch
Phalanx,Phalanx,Super Nintendo Entertainment System,1992-10-01,Phalanx
Pilotwings,Pilotwings,Super Nintendo Entertainment System,1991-08-23,Pilotwings
Pinocchio,Pinocchio,Super Nintendo Entertainment System,1996-11-01,Pinocchio
Populous II: Trials of the Olympian Gods,Trials of the Olympian Gods,Super Nintendo Entertainment System,1993-01-22,Populou
Powermonger,Powermonger,Super Nintendo Entertainment System,1993-01-01,Powermonger
Prince of Persia 2: The Shadow and the Flame,Prince of Persia 2,Super Nintendo Entertainment System,1996-01-01,Prince of Persia
R-Type III,R-Type III,Super Nintendo Entertainment System,1994-11-22,R-Type
Race Drivin',Race Drivin',Super Nintendo Entertainment System,1992-10-01,Race Drivin'
Radical Rex,Radical Rex,Super Nintendo Entertainment System,1994-09-01,Radical Rex
Realm,Realm,Super Nintendo Entertainment System,1996-02-27,Realm
Revolution X,Revolution X,Super Nintendo Entertainment System,1995-06-17,Revolution X
Rise of the Robots,Rise of the Robots,Super Nintendo Entertainment System,1995-06-16,Rise of the Robots
Road Riot 4WD,Road Riot 4WD,Super Nintendo Entertainment System,1992-11-01,Road Riot 4WD
RoboCop 3,RoboCop 3,Super Nintendo Entertainment System,1992-09-01,RoboCop
RoboCop Versus The Terminator,RoboCop Versus The Terminator,Super Nintendo Entertainment System,1993-08-24,RoboCop
Rock n' Roll Racing,Rock n' Roll Racing,Super Nintendo Entertainment System,1994-03-31,Rock n' Roll Racing
Run Saber,Run Saber,Super Nintendo Entertainment System,1993-06-08,Run Saber
Samurai Shodown,Samurai Shodown,Super Nintendo Entertainment System,1994-09-14,Samurai Shodown
Saturday Night Slam Masters,Saturday Night Slam Masters,Super Nintendo Entertainment System,1994-09-01,Saturday Night Slam Masters
SeaQuest DSV,SeaQuest DSV,Super Nintendo Entertainment System,1995-07-27,SeaQuest DSV
Secret of Evermore,Secret of Evermore,Super Nintendo Entertainment System,1995-02-22,Secret of Evermore
Secret of Mana,Secret of Mana,Super Nintendo Entertainment System,1994-11-24,Mana
Shadowrun,Shadowrun,Super Nintendo Entertainment System,1994-07-28,Shadowrun
Shanghai II: Dragon's Eye,Dragon's Eye,Super Nintendo Entertainment System,1993-01-01,Shanghai
Shaq-Fu,Shaq-Fu,Super Nintendo Entertainment System,1994-01-01,Shaq-Fu
Side Pocket,Side Pocket,Super Nintendo Entertainment System,1994-03-01,Side Pocket
SimCity,SimCity,Super Nintendo Entertainment System,1991-08-13,SimCity
SimCity 2000,SimCity 2000,Super Nintendo Entertainment System,1996-11-01,SimCity
Sink or Swim,Sink or Swim,Super Nintendo Entertainment System,1994-12-31,Sink or Swim
Skyblazer,Skyblazer,Super Nintendo Entertainment System,1994-03-25,Skyblazer
Soul Blazer,Soul Blazer,Super Nintendo Entertainment System,1994-01-27,Soul Blazer
Space Ace,Space Ace,Super Nintendo Entertainment System,1994-01-01,Space Ace
Spanky's Quest,Spanky's Quest,Super Nintendo Entertainment System,1992-01-01,Spanky's Quest
Sparkster,Sparkster,Super Nintendo Entertainment System,1994-01-01,Sparkster
Spectre,Spectre,Super Nintendo Entertainment System,1994-07-01,Spectre
Spider-Man & Venom: Maximum Carnage,Spider-Man & Venom: Maximum Carnage,Super Nintendo Entertainment System,1994-11-24,Spider-Man
Spider-Man & X-Men: Arcade's Revenge,Spider-Man & X-Men: Arcade's Revenge,Super Nintendo Entertainment System,1994-08-19,Spider-Man
Spindizzy Worlds,Spindizzy Worlds,Super Nintendo Entertainment System,1992-01-01,Spindizzy Worlds
Star Trek: Deep Space Nine – Crossroads of Time,Star Trek: Deep Space Nine,Super Nintendo Entertainment System,1995-01-01,Star Trek
Star Trek: Starfleet Academy - Starship Bridge Simulator,Star Trek: Starfleet Academy,Super Nintendo Entertainment System,1994-01-01,Star Trek
Stargate,Stargate,Super Nintendo Entertainment System,1995-06-29,Stargate
Street Fighter II,Street Fighter II,Super Nintendo Entertainment System,1992-12-01,Street Fighter II
Street Fighter II Turbo,Street Fighter II Turbo,Super Nintendo Entertainment System,1993-10-01,Street Fighter
Street Racer,Street Racer,Super Nintendo Entertainment System,1995-06-16,Street Racer
Stunt Race FX,Stunt Race FX,Super Nintendo Entertainment System,1994-10-10,Stunt Race FX
Sunset Riders,Sunset Riders,Super Nintendo Entertainment System,1993-10-01,Sunset Riders
Super Adventure Island,Super Adventure Island,Super Nintendo Entertainment System,1992-11-19,Super Adventure Island
Super Battletank 2,Super Battletank 2,Super Nintendo Entertainment System,1994-08-08,Super Battletank 2
Super Castlevania IV,Super Castlevania IV,Super Nintendo Entertainment System,1991-12-04,Super Castlevania IV
Super Double Dragon,Super Double Dragon,Super Nintendo Entertainment System,1992-10-01,Super Double Dragon
Super Full Metal,Super Full Metal,Super Nintendo Entertainment System,1992-12-01,Super Full Metal
Super Ice Hockey,Super Ice Hockey,Super Nintendo Entertainment System,1994-03-25,Super Ice Hockey
Super Mario All-Stars,Super Mario All-Stars,Super Nintendo Entertainment System,1993-12-16,Super Mario
Super Mario Kart,Super Mario Kart,Super Nintendo Entertainment System,1992-09-01,Mario Kart
Super Mario World,Super Mario World,Super Nintendo Entertainment System,1991-08-13,Super Mario
Super Mario World 2: Yoshi's Island,Yoshi's Island,Super Nintendo Entertainment System,1995-10-04,Super Mario
Super Metroid,Super Metroid,Super Nintendo Entertainment System,1994-04-18,Super Metroid
Super Pinball: Behind the Mask,Super Pinball,Super Nintendo Entertainment System,1994-08-08,Super Pinball
Super Probotector: Alien Rebels,Super Probotector,Super Nintendo Entertainment System,1992-09-12,Super Probotector
Super R-Type,Super R-Type,Super Nintendo Entertainment System,1991-01-01,R-Type
Super Soccer,Super Soccer,Super Nintendo Entertainment System,1992-05-01,Super Soccer
Super Star Wars,Super Star Wars,Super Nintendo Entertainment System,1992-11-01,Super Star Wars
Super Street Fighter II: The New Challengers,Super Street Fighter II,Super Nintendo Entertainment System,1994-08-01,Super Street Fighter II
Super Strike Gunner,Super Strike Gunner,Super Nintendo Entertainment System,1992-11-01,Super Strike Gunner
Super Tennis,Super Tennis,Super Nintendo Entertainment System,1992-06-04,Super Tennis
T2: The Arcade Game,T2: The Arcade Game,Super Nintendo Entertainment System,1994-01-01,T2: The Arcade Game
Teenage Mutant Hero Turtles: Tournament Fighters,Teenage Mutant Hero Turtles,Super Nintendo Entertainment System,1993-12-01,Teenage Mutant Hero Turtles
Terranigma,Terranigma,Super Nintendo Entertainment System,1996-12-19,Terranigma
The Adventures of Batman & Robin,Batman & Robin,Super Nintendo Entertainment System,1994-12-01,Batman
The Blues Brothers,The Blues Brothers,Super Nintendo Entertainment System,1993-06-01,The Blues Brothers
The Great Circus Mystery Starring Mickey & Minnie,The Great Circus Mystery Starring Mickey & Minnie,Super Nintendo Entertainment System,1994-10-01,Mickey
The Incredible Hulk,The Incredible Hulk,Super Nintendo Entertainment System,1994-08-01,The Incredible Hulk
The Legend of Zelda: A Link to the Past,A Link to the Past,Super Nintendo Entertainment System,1992-09-24,The Legend of Zelda
The Lion King,The Lion King,Super Nintendo Entertainment System,1994-11-11,The Lion King
The Magical Quest Starring Mickey Mouse,The Magical Quest,Super Nintendo Entertainment System,1993-03-18,Mickey
The Pagemaster,The Pagemaster,Super Nintendo Entertainment System,1994-01-01,The Pagemaster
The Ren & Stimpy Show - Veediots!,The Ren & Stimpy Show - Veediots!,Super Nintendo Entertainment System,1993-10-01,The Ren & Stimpy Show - Veediots!
The Ren & Stimpy Show: Time Warp,The Ren & Stimpy Show: Time Warp,Super Nintendo Entertainment System,1995-06-16,The Ren & Stimpy Show: Time Warp
The Simpsons: Bart's Nightmare,The Simpsons,Super Nintendo Entertainment System,1993-01-09,The Simpsons
The Smurfs,The Smurfs,Super Nintendo Entertainment System,1994-01-01,The Smurfs
Tintin in Tibet,Tintin in Tibet,Super Nintendo Entertainment System,1995-12-15,Tintin
Tintin: Prisoners of the Sun,Tintin: Prisoners of the Sun,Super Nintendo Entertainment System,1997-01-01,Tintin
Tiny Toon Adventures: Buster Busts Loose!,Tiny Toon Adventures: Buster Busts Loose!,Super Nintendo Entertainment System,1993-02-01,Tiny Toon Adventures: Buster Busts Loose!
Troddlers,Troddlers,Super Nintendo Entertainment System,1993-01-01,Troddlers
Urban Strike,Urban Strike,Super Nintendo Entertainment System,1995-11-01,Urban Strike
Wario's Woods,Wario's Woods,Super Nintendo Entertainment System,1994-12-10,Wario's Woods
Whirlo,Whirlo,Super Nintendo Entertainment System,1992-07-23,Whirlo
Worms,Worms,Super Nintendo Entertainment System,1995-01-01,Worms
WWF Royal Rumble,WWF Royal Rumble,Super Nintendo Entertainment System,1993-06-08,WWF Royal Rumble
WWF Super Wrestlemania,WWF Super Wrestlemania,Super Nintendo Entertainment System,1992-02-12,WWF Super Wrestlemania
Young Merlin,Young Merlin,Super Nintendo Entertainment System,1994-03-31,Young Merlin
Zombies,Zombies,Super Nintendo Entertainment System,1994-01-27,Zombies
